seq_idx,source,variant_id,offset,ref,alt,pos,injected_idx,variant_idx,cluster,mech_diversity,mech_causality,pred,wt_pred,pred_diff
1,variant,chr12_6534150_T_C_hg38,694,T,C,6534150.0,2232,2232,39,0.0019245743751525879,0.009852216748768473,6.340784072875977,6.343658924102783,-0.0028748512268066406
2,variant,chr12_6534163_C_T_hg38,707,C,T,6534163.0,16364,16364,7,0.0019189119338989258,0.010077519379844961,6.341624736785889,6.343658924102783,-0.0020341873168945312
3,variant,chr12_6534264_G_A_hg38,808,G,A,6534264.0,19348,19348,39,0.0019245743751525879,0.009852216748768473,6.343672275543213,6.343658924102783,1.33514404296875e-05
