seq_idx,source,variant_id,offset,ref,alt,pos,injected_idx,variant_idx,cluster,mech_diversity,mech_causality,pred,wt_pred,pred_diff
1,variant,chr6_31271520_G_C_hg38,484,G,C,31271520.0,2149,2149,5,0.0013658404350280762,0.018396846254927726,5.4911885261535645,5.482758045196533,0.00843048095703125
2,variant,chr6_31271653_C_T_hg38,617,C,T,31271653.0,2231,2231,4,0.0022109150886535645,0.014084507042253523,5.486177921295166,5.482758045196533,0.0034198760986328125
3,variant,chr6_31271672_C_G_hg38,636,C,G,31271672.0,2355,2355,15,0.0029810070991516113,0.012853470437017995,5.488093852996826,5.482758045196533,0.005335807800292969
4,variant,chr6_31271724_G_T_hg38,688,G,T,31271724.0,5036,5036,97,0.002179563045501709,0.0066401062416998665,5.507688999176025,5.482758045196533,0.024930953979492188
5,variant,chr6_31271729_C_G_hg38,693,C,G,31271729.0,10822,10822,97,0.002179563045501709,0.017264276228419653,5.498955249786377,5.482758045196533,0.01619720458984375
6,variant,chr6_31271808_C_T_hg38,772,C,T,31271808.0,10968,10968,5,0.0013658404350280762,0.006570302233902759,5.474551677703857,5.482758045196533,-0.008206367492675781
7,variant,chr6_31271824_C_T_hg38,788,C,T,31271824.0,13161,13161,97,0.002179563045501709,0.013280212483399733,5.476386547088623,5.482758045196533,-0.006371498107910156
8,variant,chr6_31271837_G_A_hg38,801,G,A,31271837.0,16358,16358,31,0.0026575326919555664,0.022727272727272728,5.463065147399902,5.482758045196533,-0.01969289779663086
9,variant,chr6_31271945_C_A_hg38,909,A,C,31271945.0,17431,17431,31,0.0026575326919555664,0.011363636363636364,5.489995002746582,5.482758045196533,0.007236957550048828
10,variant,chr6_31272044_G_T_hg38,1008,G,T,31272044.0,18394,18394,33,0.002705097198486328,0.008588957055214725,5.446789264678955,5.482758045196533,-0.035968780517578125
11,variant,chr6_31272050_T_C_hg38,1014,C,T,31272050.0,19340,19340,38,0.0,0.008588957055214725,5.475920677185059,5.482758045196533,-0.006837368011474609
12,variant,chr6_31272092_T_C_hg38,1056,T,C,31272092.0,21459,21459,38,0.0,0.018404907975460124,5.47454833984375,5.482758045196533,-0.008209705352783203
13,variant,chr6_31272283_G_A_hg38,1247,A,G,31272283.0,24389,24389,84,0.005862712860107422,0.014657980456026058,5.462441921234131,5.482758045196533,-0.020316123962402344
