seq_idx,source,variant_id,offset,ref,alt,pos,injected_idx,variant_idx,cluster,mech_diversity,mech_causality,pred,wt_pred,pred_diff
1,variant,chr6_31357087_G_A_hg38,964,G,A,31357087.0,2231,2231,98,0.002049088478088379,0.017735334242837655,5.455999851226807,5.449429988861084,0.006569862365722656
2,variant,chr6_31357114_C_T_hg38,991,C,T,31357114.0,10972,10972,63,0.0013751983642578125,0.010973936899862823,5.447839260101318,5.449429988861084,-0.001590728759765625
3,variant,chr6_31357178_C_T_hg38,1055,C,T,31357178.0,16363,16363,63,0.0013751983642578125,0.01646090534979424,5.442087650299072,5.449429988861084,-0.007342338562011719
4,variant,chr6_31357540_C_T_hg38,1417,C,T,31357540.0,19347,19347,56,0.004391729831695557,0.01445466491458607,5.463278293609619,5.449429988861084,0.013848304748535156
