seq_idx,source,variant_id,offset,ref,alt,pos,injected_idx,variant_idx,cluster,mech_diversity,mech_causality,pred,wt_pred,pred_diff
1,variant,chr6_31271950_C_A_hg38,914,C,A,31271950.0,2149,2149,29,-1.1920928955078125e-07,0.01289134438305709,5.482161045074463,5.482758045196533,-0.0005970001220703125
2,variant,chr6_31272264_C_T_hg38,1228,C,T,31272264.0,2231,2231,34,0.011920154094696045,0.18511796733212338,5.29541540145874,5.482758045196533,-0.18734264373779297
3,variant,chr6_31272283_A_G_hg38,1247,A,G,31272283.0,2355,2355,4,0.001820206642150879,0.018581081081081082,5.462441921234131,5.482758045196533,-0.020316123962402344
4,variant,chr6_31272319_G_A_hg38,1283,G,A,31272319.0,5037,5037,52,0.0020712614059448242,0.01773049645390071,5.453172206878662,5.482758045196533,-0.029585838317871094
5,variant,chr6_31272351_C_T_hg38,1315,C,T,31272351.0,10823,10823,53,0.0027145743370056152,0.006309148264984227,5.503364562988281,5.482758045196533,0.020606517791748047
6,variant,chr6_31272403_A_C_hg38,1367,A,C,31272403.0,10969,10969,45,0.003097236156463623,0.009244992295839754,5.478651523590088,5.482758045196533,-0.0041065216064453125
7,variant,chr6_31272439_A_C_hg38,1403,A,C,31272439.0,13162,13162,29,-1.1920928955078125e-07,0.014732965009208104,5.487127780914307,5.482758045196533,0.0043697357177734375
8,variant,chr6_31272516_C_T_hg38,1480,C,T,31272516.0,16359,16359,42,0.002375483512878418,0.010218978102189781,5.482249736785889,5.482758045196533,-0.0005083084106445312
9,variant,chr6_31272576_A_C_hg38,1540,A,C,31272576.0,17432,17432,29,-1.1920928955078125e-07,0.009208103130755065,5.4907097816467285,5.482758045196533,0.007951736450195312
10,variant,chr6_31272654_G_T_hg38,1618,G,T,31272654.0,19342,19342,53,0.0027145743370056152,0.007886435331230283,5.478479862213135,5.482758045196533,-0.0042781829833984375
11,variant,chr6_31272702_T_G_hg38,1666,T,G,31272702.0,21460,21460,89,0.002204000949859619,0.01011804384485666,5.4852681159973145,5.482758045196533,0.00251007080078125
