seq_idx,source,variant_id,offset,ref,alt,pos,injected_idx,variant_idx,cluster,mech_diversity,mech_causality,pred,wt_pred,pred_diff
1,variant,chr12_6534150_T_C_hg38,694,T,C,6534150.0,2149,2149,36,0.00176316499710083,0.013061224489795919,6.340784072875977,6.343658924102783,-0.0028748512268066406
2,variant,chr12_6534163_C_T_hg38,707,C,T,6534163.0,2231,2231,36,0.00176316499710083,0.011428571428571429,6.341624736785889,6.343658924102783,-0.0020341873168945312
3,variant,chr12_6534437_C_G_hg38,981,C,G,6534437.0,10825,10825,95,0.0,0.014178482068390326,6.4260945320129395,6.343658924102783,0.08243560791015625
4,variant,chr12_6534473_C_T_hg38,1017,C,T,6534473.0,10971,10971,95,0.0,0.007506255212677231,6.334839344024658,6.343658924102783,-0.008819580078125
5,variant,chr12_6534537_G_A_hg38,1081,G,A,6534537.0,16362,16362,36,0.00176316499710083,0.00816326530612245,6.321094036102295,6.343658924102783,-0.02256488800048828
6,variant,chr12_6534714_C_T_hg38,1258,C,T,6534714.0,19345,19345,3,0.004789590835571289,0.04538341158059469,6.328240871429443,6.343658924102783,-0.015418052673339844
7,variant,chr12_6534761_G_T_hg38,1305,T,G,6534761.0,21464,21464,95,0.0,0.006672226855713094,6.378970623016357,6.343658924102783,0.03531169891357422
