seq_idx,source,variant_id,offset,ref,alt,pos,injected_idx,variant_idx,cluster,mech_diversity,mech_causality,pred,wt_pred,pred_diff
1,variant,chr16_80231939_T_C_hg38,1056,T,C,80231939.0,2232,2232,25,5.960464477539063e-08,0.006172839506172839,4.246899127960205,4.126766681671143,0.1201324462890625
2,variant,chr16_80232076_G_A_hg38,1193,G,A,80232076.0,16364,16364,35,0.002267301082611084,0.013227513227513229,4.093348979949951,4.126766681671143,-0.033417701721191406
3,variant,chr16_80232367_G_A_hg38,1484,G,A,80232367.0,19348,19348,35,0.002267301082611084,0.009259259259259259,4.149949073791504,4.126766681671143,0.023182392120361328
