seq_idx,source,variant_id,offset,ref,alt,pos,injected_idx,variant_idx,cluster,mech_diversity,mech_causality,pred,wt_pred,pred_diff
1,variant,chr6_29942193_T_A_hg38,717,T,A,29942193.0,2149,2149,3,0.001882016658782959,0.017982017982017984,5.331538677215576,5.3496575355529785,-0.018118858337402344
2,variant,chr6_29942211_T_C_hg38,735,C,T,29942211.0,2231,2231,3,0.001882016658782959,0.006993006993006993,5.356255054473877,5.3496575355529785,0.0065975189208984375
3,variant,chr6_29942222_C_T_hg38,746,C,T,29942222.0,2355,2355,29,-1.1920928955078125e-07,0.007944389275074478,5.347614288330078,5.3496575355529785,-0.0020432472229003906
4,variant,chr6_29942250_G_C_hg38,774,C,G,29942250.0,5037,5037,3,0.001882016658782959,0.01098901098901099,5.339406967163086,5.3496575355529785,-0.010250568389892578
5,variant,chr6_29942257_G_A_hg38,781,G,A,29942257.0,10823,10823,27,0.0022537708282470703,0.012807881773399015,5.368236541748047,5.3496575355529785,0.01857900619506836
6,variant,chr6_29942509_T_C_hg38,1033,C,T,29942509.0,10969,10969,29,-1.1920928955078125e-07,0.01787487586891758,5.367823123931885,5.3496575355529785,0.01816558837890625
7,variant,chr6_29942620_T_A_hg38,1144,T,A,29942620.0,13162,13162,27,0.0022537708282470703,0.009852216748768473,5.335055828094482,5.3496575355529785,-0.014601707458496094
8,variant,chr6_29942642_G_T_hg38,1166,G,T,29942642.0,16359,16359,29,-1.1920928955078125e-07,0.004965243296921549,5.308582305908203,5.3496575355529785,-0.04107522964477539
9,variant,chr6_29942827_C_A_hg38,1351,C,A,29942827.0,17432,17432,11,0.0020259618759155273,0.014874141876430207,5.3130621910095215,5.3496575355529785,-0.03659534454345703
10,variant,chr6_29942863_C_T_hg38,1387,C,T,29942863.0,19342,19342,39,0.001840829849243164,0.006342494714587738,5.361753940582275,5.3496575355529785,0.012096405029296875
11,variant,chr6_29942883_A_G_hg38,1407,A,G,29942883.0,21460,21460,29,-1.1920928955078125e-07,0.013902681231380337,5.323225498199463,5.3496575355529785,-0.026432037353515625
