seq_idx,source,variant_id,offset,ref,alt,pos,injected_idx,variant_idx,cluster,mech_diversity,pred,wt_pred,pred_diff
1,variant,chr6_35468418_G_A_hg38,1393,G,A,35468418.0,2232,2232,32,0.004042148590087891,6.359599590301514,6.357240200042725,0.0023593902587890625
2,variant,chr6_35468794_C_T_hg38,1769,C,T,35468794.0,19349,19349,75,0.0020198822021484375,6.351924419403076,6.357240200042725,-0.0053157806396484375
