seq_idx,source,variant_id,offset,ref,alt,pos,injected_idx,variant_idx,cluster,mech_diversity,mech_causality,pred,wt_pred,pred_diff
1,variant,chr6_31575254_G_A_hg38,745,G,A,31575254.0,2232,2232,9,0.0,0.01304945054945055,4.535891532897949,4.528110980987549,0.007780551910400391
2,variant,chr6_31575324_G_A_hg38,815,G,A,31575324.0,19349,19349,29,0.002119719982147217,0.009174311926605505,4.513539791107178,4.528110980987549,-0.014571189880371094
