seq_idx,source,variant_id,offset,ref,alt,pos,injected_idx,variant_idx,cluster,mech_diversity,pred,wt_pred,pred_diff
1,variant,chr9_5510601_A_G_hg38,1126,A,G,5510601.0,2232,2232,79,0.002688586711883545,4.753263473510742,4.739716053009033,0.013547420501708984
2,variant,chr9_5510631_A_G_hg38,1156,A,G,5510631.0,16364,16364,56,0.0020477771759033203,4.771000862121582,4.739716053009033,0.03128480911254883
3,variant,chr9_5510742_A_G_hg38,1267,A,G,5510742.0,19348,19348,52,-1.1920928955078125e-07,4.737358570098877,4.739716053009033,-0.00235748291015625
